{
  "properties": {
    "connectionReferences": {
      "shared_onedriveforbusiness": {
        "runtimeSource": "embedded",
        "connection": {
          "connectionReferenceLogicalName": "del_sharedonedriveforbusiness_3b8c5"
        },
        "api": {
          "name": "shared_onedriveforbusiness"
        }
      },
      "shared_dataflows": {
        "runtimeSource": "embedded",
        "connection": {
          "connectionReferenceLogicalName": "del_shareddataflows_9d791"
        },
        "api": {
          "name": "shared_dataflows"
        }
      },
      "shared_commondataserviceforapps": {
        "runtimeSource": "embedded",
        "connection": {
          "connectionReferenceLogicalName": "del_sharedcommondataserviceforapps_572ba"
        },
        "api": {
          "name": "shared_commondataserviceforapps"
        }
      },
      "shared_office365": {
        "runtimeSource": "embedded",
        "connection": {
          "connectionReferenceLogicalName": "del_sharedoffice365_d58be"
        },
        "api": {
          "name": "shared_office365"
        }
      }
    },
    "definition": {
      "$schema": "https://schema.management.azure.com/providers/Microsoft.Logic/schemas/2016-06-01/workflowdefinition.json#",
      "contentVersion": "1.0.0.0",
      "parameters": {
        "$connections": {
          "defaultValue": {},
          "type": "Object"
        },
        "$authentication": {
          "defaultValue": {},
          "type": "SecureObject"
        }
      },
      "triggers": {
        "When_a_new_email_arrives_(V3)": {
          "splitOn": "@triggerOutputs()?['body/value']",
          "metadata": {
            "operationMetadataId": "a0972e7e-87c7-4a9c-81bb-d9b8e4ac72c9"
          },
          "type": "OpenApiConnectionNotification",
          "inputs": {
            "host": {
              "connectionName": "shared_office365",
              "operationId": "OnNewEmailV3",
              "apiId": "/providers/Microsoft.PowerApps/apis/shared_office365"
            },
            "parameters": {
              "folderPath": "Inbox",
              "includeAttachments": true,
              "subjectFilter": "YellowTaxi",
              "importance": "Any",
              "fetchOnlyWithAttachment": false
            },
            "authentication": "@parameters('$authentication')"
          }
        }
      },
      "actions": {
        "Apply_to_each": {
          "foreach": "@triggerOutputs()?['body/attachments']",
          "actions": {
            "Create_file": {
              "runAfter": {},
              "metadata": {
                "operationMetadataId": "4fd7984e-be6c-42cb-bd56-8ccf1478bd5f"
              },
              "type": "OpenApiConnection",
              "inputs": {
                "host": {
                  "connectionName": "shared_onedriveforbusiness",
                  "operationId": "CreateFile",
                  "apiId": "/providers/Microsoft.PowerApps/apis/shared_onedriveforbusiness"
                },
                "parameters": {
                  "folderPath": "/Labs/DE PowerAutomate",
                  "name": "extractedyellowtaxidata",
                  "body": "@items('Apply_to_each')?['contentBytes']"
                },
                "authentication": "@parameters('$authentication')"
              },
              "runtimeConfiguration": {
                "contentTransfer": {
                  "transferMode": "Chunked"
                }
              }
            }
          },
          "runAfter": {},
          "metadata": {
            "operationMetadataId": "9dd3cea2-764d-4770-876d-cb253d15bb89"
          },
          "type": "Foreach"
        },
        "Refresh_a_dataflow": {
          "runAfter": {
            "Apply_to_each": [
              "Succeeded"
            ]
          },
          "metadata": {
            "operationMetadataId": "97bd0055-3ef9-4d95-8aa8-0d809dc995e7"
          },
          "type": "OpenApiConnection",
          "inputs": {
            "host": {
              "connectionName": "shared_dataflows",
              "operationId": "RefreshDataflow",
              "apiId": "/providers/Microsoft.PowerApps/apis/shared_dataflows"
            },
            "parameters": {
              "workspaceType": "Environment",
              "groupIdForRefreshDataflow": "138f9321-0888-ea5b-bef5-4d39352c8841-31c688f59-europe",
              "dataflowIdForRefreshDataflow": "79fa7d58-e839-44f9-97f7-d3ed7c35d92e"
            },
            "authentication": "@parameters('$authentication')"
          }
        },
        "Refresh_a_dataflow_2": {
          "runAfter": {
            "Apply_to_each": [
              "Succeeded"
            ]
          },
          "metadata": {
            "operationMetadataId": "e2b8fb4c-2ed8-4d56-8c5e-721cd86ffacc"
          },
          "type": "OpenApiConnection",
          "inputs": {
            "host": {
              "connectionName": "shared_dataflows",
              "operationId": "RefreshDataflow",
              "apiId": "/providers/Microsoft.PowerApps/apis/shared_dataflows"
            },
            "parameters": {
              "workspaceType": "Environment",
              "groupIdForRefreshDataflow": "138f9321-0888-ea5b-bef5-4d39352c8841-31c688f59-europe",
              "dataflowIdForRefreshDataflow": "79fa7d58-e839-44f9-97f7-d3ed7c35d92e"
            },
            "authentication": "@parameters('$authentication')"
          }
        },
        "When_a_dataflow_refresh_completes": {
          "runAfter": {
            "Refresh_a_dataflow_2": [
              "Succeeded"
            ]
          },
          "metadata": {
            "operationMetadataId": "98e5b547-6f13-4a6b-a281-62a4e00808cb"
          },
          "type": "OpenApiConnection",
          "inputs": {
            "host": {
              "connectionName": "shared_dataflows",
              "operationId": "OnRefreshComplete",
              "apiId": "/providers/Microsoft.PowerApps/apis/shared_dataflows"
            },
            "parameters": {
              "workspaceType": "Environment",
              "groupIdForOnRefreshComplete": "138f9321-0888-ea5b-bef5-4d39352c8841-31c688f59-europe",
              "dataflowIdForOnRefreshComplete": "79fa7d58-e839-44f9-97f7-d3ed7c35d92e"
            },
            "authentication": "@parameters('$authentication')"
          }
        },
        "List_rows": {
          "runAfter": {
            "When_a_dataflow_refresh_completes": [
              "Succeeded"
            ]
          },
          "metadata": {
            "operationMetadataId": "698f1985-53d3-4467-96a1-e9043e8cdc03"
          },
          "type": "OpenApiConnection",
          "inputs": {
            "host": {
              "connectionName": "shared_commondataserviceforapps",
              "operationId": "ListRecords",
              "apiId": "/providers/Microsoft.PowerApps/apis/shared_commondataserviceforapps"
            },
            "parameters": {
              "entityName": "crdb9_taxidataprofile_2s"
            },
            "authentication": "@parameters('$authentication')"
          }
        },
        "Select": {
          "runAfter": {
            "List_rows": [
              "Succeeded"
            ]
          },
          "metadata": {
            "operationMetadataId": "b3ee7cd1-0d60-4fb3-aa53-6e7d96ccdfaa"
          },
          "type": "Select",
          "inputs": {
            "from": "@outputs('List_rows')?['body/value']",
            "select": {
              "Null": "@item()?['crdb9_nullcount']",
              "Status": "@item()?['statecode']"
            }
          }
        },
        "Create_HTML_table": {
          "runAfter": {
            "Select": [
              "Succeeded"
            ]
          },
          "metadata": {
            "operationMetadataId": "453a65c4-638d-4123-a90a-8cda50e87a13"
          },
          "type": "Table",
          "inputs": {
            "from": "@body('Select')",
            "format": "HTML"
          }
        },
        "Send_an_email_(V2)": {
          "runAfter": {
            "Create_HTML_table": [
              "Succeeded"
            ]
          },
          "metadata": {
            "operationMetadataId": "9278d273-f53b-4f97-940d-291d758e18c4"
          },
          "type": "OpenApiConnection",
          "inputs": {
            "host": {
              "connectionName": "shared_office365",
              "operationId": "SendEmailV2",
              "apiId": "/providers/Microsoft.PowerApps/apis/shared_office365"
            },
            "parameters": {
              "emailMessage/To": "emmanuel.osafo@amalitech.com;andrew.marfo@amalitech.com;solomon.sarfo@amalitech.com",
              "emailMessage/Subject": "Data Quality",
              "emailMessage/Body": "<p>Hi, Check this out<br>\n<br>\n@{body('Create_HTML_table')}<br>\n<br>\nBest,<br>\nAndrew</p>",
              "emailMessage/Importance": "Normal"
            },
            "authentication": "@parameters('$authentication')"
          }
        }
      }
    },
    "templateName": ""
  },
  "schemaVersion": "1.0.0.0"
}